cc,ucs,uc_count,ge_pattern,status,total_terms,total_units,over_2_years,major_courses_total,ge_courses_total,units_term_1,units_term_2,units_term_3,units_term_4,units_term_5,units_term_6,error
miracosta,UCSD,1,IGETC,success,5,70,True,9,12,14,14,15,15,12,0,
miracosta,UCLA,1,IGETC,success,5,70,True,9,12,14,14,15,15,12,0,
miracosta,UCI,1,IGETC,success,5,70,True,9,12,14,14,15,15,12,0,
miracosta,UCR,1,IGETC,success,5,70,True,9,12,14,14,15,15,12,0,
miracosta,UCSB,1,IGETC,success,5,70,True,9,12,14,14,15,15,12,0,
miracosta,UCD,1,IGETC,success,5,70,True,9,12,14,14,15,15,12,0,
miracosta,UCB,1,IGETC,success,5,70,True,9,12,14,14,15,15,12,0,
miracosta,UCSC,1,IGETC,success,5,70,True,9,12,14,14,15,15,12,0,
miracosta,UCM,1,IGETC,success,5,70,True,9,12,14,14,15,15,12,0,
miracosta,UCLA+UCSD,2,IGETC,success,5,70,True,9,12,14,14,15,15,12,0,
miracosta,UCI+UCSD,2,IGETC,success,5,70,True,9,12,14,14,15,15,12,0,
miracosta,UCR+UCSD,2,IGETC,success,5,70,True,9,12,14,14,15,15,12,0,
miracosta,UCSB+UCSD,2,IGETC,success,5,70,True,9,12,14,14,15,15,12,0,
miracosta,UCD+UCSD,2,IGETC,success,5,70,True,9,12,14,14,15,15,12,0,
miracosta,UCB+UCSD,2,IGETC,success,5,70,True,9,12,14,14,15,15,12,0,
miracosta,UCSC+UCSD,2,IGETC,success,5,70,True,9,12,14,14,15,15,12,0,
miracosta,UCM+UCSD,2,IGETC,success,5,70,True,9,12,14,14,15,15,12,0,
miracosta,UCI+UCLA,2,IGETC,success,5,70,True,9,12,14,14,15,15,12,0,
miracosta,UCLA+UCR,2,IGETC,success,5,70,True,9,12,14,14,15,15,12,0,
miracosta,UCLA+UCSB,2,IGETC,success,5,70,True,9,12,14,14,15,15,12,0,
miracosta,UCD+UCLA,2,IGETC,success,5,70,True,9,12,14,14,15,15,12,0,
miracosta,UCB+UCLA,2,IGETC,success,5,70,True,9,12,14,14,15,15,12,0,
miracosta,UCLA+UCSC,2,IGETC,success,5,70,True,9,12,14,14,15,15,12,0,
miracosta,UCLA+UCM,2,IGETC,success,5,70,True,9,12,14,14,15,15,12,0,
miracosta,UCI+UCR,2,IGETC,success,5,70,True,9,12,14,14,15,15,12,0,
miracosta,UCI+UCSB,2,IGETC,success,5,70,True,9,12,14,14,15,15,12,0,
miracosta,UCD+UCI,2,IGETC,success,5,70,True,9,12,14,14,15,15,12,0,
miracosta,UCB+UCI,2,IGETC,success,5,70,True,9,12,14,14,15,15,12,0,
miracosta,UCI+UCSC,2,IGETC,success,5,70,True,9,12,14,14,15,15,12,0,
miracosta,UCI+UCM,2,IGETC,success,5,70,True,9,12,14,14,15,15,12,0,
miracosta,UCR+UCSB,2,IGETC,success,5,70,True,9,12,14,14,15,15,12,0,
miracosta,UCD+UCR,2,IGETC,success,5,70,True,9,12,14,14,15,15,12,0,
miracosta,UCB+UCR,2,IGETC,success,5,70,True,9,12,14,14,15,15,12,0,
miracosta,UCR+UCSC,2,IGETC,success,5,70,True,9,12,14,14,15,15,12,0,
miracosta,UCM+UCR,2,IGETC,success,5,70,True,9,12,14,14,15,15,12,0,
miracosta,UCD+UCSB,2,IGETC,success,5,70,True,9,12,14,14,15,15,12,0,
miracosta,UCB+UCSB,2,IGETC,success,5,70,True,9,12,14,14,15,15,12,0,
miracosta,UCSB+UCSC,2,IGETC,success,5,70,True,9,12,14,14,15,15,12,0,
miracosta,UCM+UCSB,2,IGETC,success,5,70,True,9,12,14,14,15,15,12,0,
miracosta,UCB+UCD,2,IGETC,success,5,70,True,9,12,14,14,15,15,12,0,
miracosta,UCD+UCSC,2,IGETC,success,5,70,True,9,12,14,14,15,15,12,0,
miracosta,UCD+UCM,2,IGETC,success,5,70,True,9,12,14,14,15,15,12,0,
miracosta,UCB+UCSC,2,IGETC,success,5,70,True,9,12,14,14,15,15,12,0,
miracosta,UCB+UCM,2,IGETC,success,5,70,True,9,12,14,14,15,15,12,0,
miracosta,UCM+UCSC,2,IGETC,success,5,70,True,9,12,14,14,15,15,12,0,
miracosta,UCI+UCLA+UCSD,3,IGETC,success,5,70,True,9,12,14,14,15,15,12,0,
miracosta,UCLA+UCR+UCSD,3,IGETC,success,5,70,True,9,12,14,14,15,15,12,0,
miracosta,UCLA+UCSB+UCSD,3,IGETC,success,5,70,True,9,12,14,14,15,15,12,0,
miracosta,UCD+UCLA+UCSD,3,IGETC,success,5,70,True,9,12,14,14,15,15,12,0,
miracosta,UCB+UCLA+UCSD,3,IGETC,success,5,70,True,9,12,14,14,15,15,12,0,
miracosta,UCLA+UCSC+UCSD,3,IGETC,success,5,70,True,9,12,14,14,15,15,12,0,
miracosta,UCLA+UCM+UCSD,3,IGETC,success,5,70,True,9,12,14,14,15,15,12,0,
miracosta,UCI+UCR+UCSD,3,IGETC,success,5,70,True,9,12,14,14,15,15,12,0,
miracosta,UCI+UCSB+UCSD,3,IGETC,success,5,70,True,9,12,14,14,15,15,12,0,
miracosta,UCD+UCI+UCSD,3,IGETC,success,5,70,True,9,12,14,14,15,15,12,0,
miracosta,UCB+UCI+UCSD,3,IGETC,success,5,70,True,9,12,14,14,15,15,12,0,
miracosta,UCI+UCSC+UCSD,3,IGETC,success,5,70,True,9,12,14,14,15,15,12,0,
miracosta,UCI+UCM+UCSD,3,IGETC,success,5,70,True,9,12,14,14,15,15,12,0,
miracosta,UCR+UCSB+UCSD,3,IGETC,success,5,70,True,9,12,14,14,15,15,12,0,
miracosta,UCD+UCR+UCSD,3,IGETC,success,5,70,True,9,12,14,14,15,15,12,0,
miracosta,UCB+UCR+UCSD,3,IGETC,success,5,70,True,9,12,14,14,15,15,12,0,
miracosta,UCR+UCSC+UCSD,3,IGETC,success,5,70,True,9,12,14,14,15,15,12,0,
miracosta,UCM+UCR+UCSD,3,IGETC,success,5,70,True,9,12,14,14,15,15,12,0,
miracosta,UCD+UCSB+UCSD,3,IGETC,success,5,70,True,9,12,14,14,15,15,12,0,
miracosta,UCB+UCSB+UCSD,3,IGETC,success,5,70,True,9,12,14,14,15,15,12,0,
miracosta,UCSB+UCSC+UCSD,3,IGETC,success,5,70,True,9,12,14,14,15,15,12,0,
miracosta,UCM+UCSB+UCSD,3,IGETC,success,5,70,True,9,12,14,14,15,15,12,0,
miracosta,UCB+UCD+UCSD,3,IGETC,success,5,70,True,9,12,14,14,15,15,12,0,
miracosta,UCD+UCSC+UCSD,3,IGETC,success,5,70,True,9,12,14,14,15,15,12,0,
miracosta,UCD+UCM+UCSD,3,IGETC,success,5,70,True,9,12,14,14,15,15,12,0,
miracosta,UCB+UCSC+UCSD,3,IGETC,success,5,70,True,9,12,14,14,15,15,12,0,
miracosta,UCB+UCM+UCSD,3,IGETC,success,5,70,True,9,12,14,14,15,15,12,0,
miracosta,UCM+UCSC+UCSD,3,IGETC,success,5,70,True,9,12,14,14,15,15,12,0,
miracosta,UCI+UCLA+UCR,3,IGETC,success,5,70,True,9,12,14,14,15,15,12,0,
miracosta,UCI+UCLA+UCSB,3,IGETC,success,5,70,True,9,12,14,14,15,15,12,0,
miracosta,UCD+UCI+UCLA,3,IGETC,success,5,70,True,9,12,14,14,15,15,12,0,
miracosta,UCB+UCI+UCLA,3,IGETC,success,5,70,True,9,12,14,14,15,15,12,0,
miracosta,UCI+UCLA+UCSC,3,IGETC,success,5,70,True,9,12,14,14,15,15,12,0,
miracosta,UCI+UCLA+UCM,3,IGETC,success,5,70,True,9,12,14,14,15,15,12,0,
miracosta,UCLA+UCR+UCSB,3,IGETC,success,5,70,True,9,12,14,14,15,15,12,0,
miracosta,UCD+UCLA+UCR,3,IGETC,success,5,70,True,9,12,14,14,15,15,12,0,
miracosta,UCB+UCLA+UCR,3,IGETC,success,5,70,True,9,12,14,14,15,15,12,0,
miracosta,UCLA+UCR+UCSC,3,IGETC,success,5,70,True,9,12,14,14,15,15,12,0,
miracosta,UCLA+UCM+UCR,3,IGETC,success,5,70,True,9,12,14,14,15,15,12,0,
miracosta,UCD+UCLA+UCSB,3,IGETC,success,5,70,True,9,12,14,14,15,15,12,0,
miracosta,UCB+UCLA+UCSB,3,IGETC,success,5,70,True,9,12,14,14,15,15,12,0,
miracosta,UCLA+UCSB+UCSC,3,IGETC,success,5,70,True,9,12,14,14,15,15,12,0,
miracosta,UCLA+UCM+UCSB,3,IGETC,success,5,70,True,9,12,14,14,15,15,12,0,
miracosta,UCB+UCD+UCLA,3,IGETC,success,5,70,True,9,12,14,14,15,15,12,0,
miracosta,UCD+UCLA+UCSC,3,IGETC,success,5,70,True,9,12,14,14,15,15,12,0,
miracosta,UCD+UCLA+UCM,3,IGETC,success,5,70,True,9,12,14,14,15,15,12,0,
miracosta,UCB+UCLA+UCSC,3,IGETC,success,5,70,True,9,12,14,14,15,15,12,0,
miracosta,UCB+UCLA+UCM,3,IGETC,success,5,70,True,9,12,14,14,15,15,12,0,
miracosta,UCLA+UCM+UCSC,3,IGETC,success,5,70,True,9,12,14,14,15,15,12,0,
miracosta,UCI+UCR+UCSB,3,IGETC,success,5,70,True,9,12,14,14,15,15,12,0,
miracosta,UCD+UCI+UCR,3,IGETC,success,5,70,True,9,12,14,14,15,15,12,0,
miracosta,UCB+UCI+UCR,3,IGETC,success,5,70,True,9,12,14,14,15,15,12,0,
miracosta,UCI+UCR+UCSC,3,IGETC,success,5,70,True,9,12,14,14,15,15,12,0,
miracosta,UCI+UCM+UCR,3,IGETC,success,5,70,True,9,12,14,14,15,15,12,0,
miracosta,UCD+UCI+UCSB,3,IGETC,success,5,70,True,9,12,14,14,15,15,12,0,
miracosta,UCB+UCI+UCSB,3,IGETC,success,5,70,True,9,12,14,14,15,15,12,0,
miracosta,UCI+UCSB+UCSC,3,IGETC,success,5,70,True,9,12,14,14,15,15,12,0,
miracosta,UCI+UCM+UCSB,3,IGETC,success,5,70,True,9,12,14,14,15,15,12,0,
miracosta,UCB+UCD+UCI,3,IGETC,success,5,70,True,9,12,14,14,15,15,12,0,
miracosta,UCD+UCI+UCSC,3,IGETC,success,5,70,True,9,12,14,14,15,15,12,0,
miracosta,UCD+UCI+UCM,3,IGETC,success,5,70,True,9,12,14,14,15,15,12,0,
miracosta,UCB+UCI+UCSC,3,IGETC,success,5,70,True,9,12,14,14,15,15,12,0,
miracosta,UCB+UCI+UCM,3,IGETC,success,5,70,True,9,12,14,14,15,15,12,0,
miracosta,UCI+UCM+UCSC,3,IGETC,success,5,70,True,9,12,14,14,15,15,12,0,
miracosta,UCD+UCR+UCSB,3,IGETC,success,5,70,True,9,12,14,14,15,15,12,0,
miracosta,UCB+UCR+UCSB,3,IGETC,success,5,70,True,9,12,14,14,15,15,12,0,
miracosta,UCR+UCSB+UCSC,3,IGETC,success,5,70,True,9,12,14,14,15,15,12,0,
miracosta,UCM+UCR+UCSB,3,IGETC,success,5,70,True,9,12,14,14,15,15,12,0,
miracosta,UCB+UCD+UCR,3,IGETC,success,5,70,True,9,12,14,14,15,15,12,0,
miracosta,UCD+UCR+UCSC,3,IGETC,success,5,70,True,9,12,14,14,15,15,12,0,
miracosta,UCD+UCM+UCR,3,IGETC,success,5,70,True,9,12,14,14,15,15,12,0,
miracosta,UCB+UCR+UCSC,3,IGETC,success,5,70,True,9,12,14,14,15,15,12,0,
miracosta,UCB+UCM+UCR,3,IGETC,success,5,70,True,9,12,14,14,15,15,12,0,
miracosta,UCM+UCR+UCSC,3,IGETC,success,5,70,True,9,12,14,14,15,15,12,0,
miracosta,UCB+UCD+UCSB,3,IGETC,success,5,70,True,9,12,14,14,15,15,12,0,
miracosta,UCD+UCSB+UCSC,3,IGETC,success,5,70,True,9,12,14,14,15,15,12,0,
miracosta,UCD+UCM+UCSB,3,IGETC,success,5,70,True,9,12,14,14,15,15,12,0,
miracosta,UCB+UCSB+UCSC,3,IGETC,success,5,70,True,9,12,14,14,15,15,12,0,
miracosta,UCB+UCM+UCSB,3,IGETC,success,5,70,True,9,12,14,14,15,15,12,0,
miracosta,UCM+UCSB+UCSC,3,IGETC,success,5,70,True,9,12,14,14,15,15,12,0,
miracosta,UCB+UCD+UCSC,3,IGETC,success,5,70,True,9,12,14,14,15,15,12,0,
miracosta,UCB+UCD+UCM,3,IGETC,success,5,70,True,9,12,14,14,15,15,12,0,
miracosta,UCD+UCM+UCSC,3,IGETC,success,5,70,True,9,12,14,14,15,15,12,0,
miracosta,UCB+UCM+UCSC,3,IGETC,success,5,70,True,9,12,14,14,15,15,12,0,
miracosta,UCI+UCLA+UCR+UCSD,4,IGETC,success,5,70,True,9,12,14,14,15,15,12,0,
miracosta,UCI+UCLA+UCSB+UCSD,4,IGETC,success,5,70,True,9,12,14,14,15,15,12,0,
miracosta,UCD+UCI+UCLA+UCSD,4,IGETC,success,5,70,True,9,12,14,14,15,15,12,0,
miracosta,UCB+UCI+UCLA+UCSD,4,IGETC,success,5,70,True,9,12,14,14,15,15,12,0,
miracosta,UCI+UCLA+UCSC+UCSD,4,IGETC,success,5,70,True,9,12,14,14,15,15,12,0,
miracosta,UCI+UCLA+UCM+UCSD,4,IGETC,success,5,70,True,9,12,14,14,15,15,12,0,
miracosta,UCLA+UCR+UCSB+UCSD,4,IGETC,success,5,70,True,9,12,14,14,15,15,12,0,
miracosta,UCD+UCLA+UCR+UCSD,4,IGETC,success,5,70,True,9,12,14,14,15,15,12,0,
miracosta,UCB+UCLA+UCR+UCSD,4,IGETC,success,5,70,True,9,12,14,14,15,15,12,0,
miracosta,UCLA+UCR+UCSC+UCSD,4,IGETC,success,5,70,True,9,12,14,14,15,15,12,0,
miracosta,UCLA+UCM+UCR+UCSD,4,IGETC,success,5,70,True,9,12,14,14,15,15,12,0,
miracosta,UCD+UCLA+UCSB+UCSD,4,IGETC,success,5,70,True,9,12,14,14,15,15,12,0,
miracosta,UCB+UCLA+UCSB+UCSD,4,IGETC,success,5,70,True,9,12,14,14,15,15,12,0,
miracosta,UCLA+UCSB+UCSC+UCSD,4,IGETC,success,5,70,True,9,12,14,14,15,15,12,0,
miracosta,UCLA+UCM+UCSB+UCSD,4,IGETC,success,5,70,True,9,12,14,14,15,15,12,0,
miracosta,UCB+UCD+UCLA+UCSD,4,IGETC,success,5,70,True,9,12,14,14,15,15,12,0,
miracosta,UCD+UCLA+UCSC+UCSD,4,IGETC,success,5,70,True,9,12,14,14,15,15,12,0,
miracosta,UCD+UCLA+UCM+UCSD,4,IGETC,success,5,70,True,9,12,14,14,15,15,12,0,
miracosta,UCB+UCLA+UCSC+UCSD,4,IGETC,success,5,70,True,9,12,14,14,15,15,12,0,
miracosta,UCB+UCLA+UCM+UCSD,4,IGETC,success,5,70,True,9,12,14,14,15,15,12,0,
miracosta,UCLA+UCM+UCSC+UCSD,4,IGETC,success,5,70,True,9,12,14,14,15,15,12,0,
miracosta,UCI+UCR+UCSB+UCSD,4,IGETC,success,5,70,True,9,12,14,14,15,15,12,0,
miracosta,UCD+UCI+UCR+UCSD,4,IGETC,success,5,70,True,9,12,14,14,15,15,12,0,
miracosta,UCB+UCI+UCR+UCSD,4,IGETC,success,5,70,True,9,12,14,14,15,15,12,0,
miracosta,UCI+UCR+UCSC+UCSD,4,IGETC,success,5,70,True,9,12,14,14,15,15,12,0,
miracosta,UCI+UCM+UCR+UCSD,4,IGETC,success,5,70,True,9,12,14,14,15,15,12,0,
miracosta,UCD+UCI+UCSB+UCSD,4,IGETC,success,5,70,True,9,12,14,14,15,15,12,0,
miracosta,UCB+UCI+UCSB+UCSD,4,IGETC,success,5,70,True,9,12,14,14,15,15,12,0,
miracosta,UCI+UCSB+UCSC+UCSD,4,IGETC,success,5,70,True,9,12,14,14,15,15,12,0,
miracosta,UCI+UCM+UCSB+UCSD,4,IGETC,success,5,70,True,9,12,14,14,15,15,12,0,
miracosta,UCB+UCD+UCI+UCSD,4,IGETC,success,5,70,True,9,12,14,14,15,15,12,0,
miracosta,UCD+UCI+UCSC+UCSD,4,IGETC,success,5,70,True,9,12,14,14,15,15,12,0,
miracosta,UCD+UCI+UCM+UCSD,4,IGETC,success,5,70,True,9,12,14,14,15,15,12,0,
miracosta,UCB+UCI+UCSC+UCSD,4,IGETC,success,5,70,True,9,12,14,14,15,15,12,0,
miracosta,UCB+UCI+UCM+UCSD,4,IGETC,success,5,70,True,9,12,14,14,15,15,12,0,
miracosta,UCI+UCM+UCSC+UCSD,4,IGETC,success,5,70,True,9,12,14,14,15,15,12,0,
miracosta,UCD+UCR+UCSB+UCSD,4,IGETC,success,5,70,True,9,12,14,14,15,15,12,0,
miracosta,UCB+UCR+UCSB+UCSD,4,IGETC,success,5,70,True,9,12,14,14,15,15,12,0,
miracosta,UCR+UCSB+UCSC+UCSD,4,IGETC,success,5,70,True,9,12,14,14,15,15,12,0,
miracosta,UCM+UCR+UCSB+UCSD,4,IGETC,success,5,70,True,9,12,14,14,15,15,12,0,
miracosta,UCB+UCD+UCR+UCSD,4,IGETC,success,5,70,True,9,12,14,14,15,15,12,0,
miracosta,UCD+UCR+UCSC+UCSD,4,IGETC,success,5,70,True,9,12,14,14,15,15,12,0,
miracosta,UCD+UCM+UCR+UCSD,4,IGETC,success,5,70,True,9,12,14,14,15,15,12,0,
miracosta,UCB+UCR+UCSC+UCSD,4,IGETC,success,5,70,True,9,12,14,14,15,15,12,0,
miracosta,UCB+UCM+UCR+UCSD,4,IGETC,success,5,70,True,9,12,14,14,15,15,12,0,
miracosta,UCM+UCR+UCSC+UCSD,4,IGETC,success,5,70,True,9,12,14,14,15,15,12,0,
miracosta,UCB+UCD+UCSB+UCSD,4,IGETC,success,5,70,True,9,12,14,14,15,15,12,0,
miracosta,UCD+UCSB+UCSC+UCSD,4,IGETC,success,5,70,True,9,12,14,14,15,15,12,0,
miracosta,UCD+UCM+UCSB+UCSD,4,IGETC,success,5,70,True,9,12,14,14,15,15,12,0,
miracosta,UCB+UCSB+UCSC+UCSD,4,IGETC,success,5,70,True,9,12,14,14,15,15,12,0,
miracosta,UCB+UCM+UCSB+UCSD,4,IGETC,success,5,70,True,9,12,14,14,15,15,12,0,
miracosta,UCM+UCSB+UCSC+UCSD,4,IGETC,success,5,70,True,9,12,14,14,15,15,12,0,
miracosta,UCB+UCD+UCSC+UCSD,4,IGETC,success,5,70,True,9,12,14,14,15,15,12,0,
miracosta,UCB+UCD+UCM+UCSD,4,IGETC,success,5,70,True,9,12,14,14,15,15,12,0,
miracosta,UCD+UCM+UCSC+UCSD,4,IGETC,success,5,70,True,9,12,14,14,15,15,12,0,
miracosta,UCB+UCM+UCSC+UCSD,4,IGETC,success,5,70,True,9,12,14,14,15,15,12,0,
miracosta,UCI+UCLA+UCR+UCSB,4,IGETC,success,5,70,True,9,12,14,14,15,15,12,0,
miracosta,UCD+UCI+UCLA+UCR,4,IGETC,success,5,70,True,9,12,14,14,15,15,12,0,
miracosta,UCB+UCI+UCLA+UCR,4,IGETC,success,5,70,True,9,12,14,14,15,15,12,0,
miracosta,UCI+UCLA+UCR+UCSC,4,IGETC,success,5,70,True,9,12,14,14,15,15,12,0,
miracosta,UCI+UCLA+UCM+UCR,4,IGETC,success,5,70,True,9,12,14,14,15,15,12,0,
miracosta,UCD+UCI+UCLA+UCSB,4,IGETC,success,5,70,True,9,12,14,14,15,15,12,0,
miracosta,UCB+UCI+UCLA+UCSB,4,IGETC,success,5,70,True,9,12,14,14,15,15,12,0,
miracosta,UCI+UCLA+UCSB+UCSC,4,IGETC,success,5,70,True,9,12,14,14,15,15,12,0,
miracosta,UCI+UCLA+UCM+UCSB,4,IGETC,success,5,70,True,9,12,14,14,15,15,12,0,
miracosta,UCB+UCD+UCI+UCLA,4,IGETC,success,5,70,True,9,12,14,14,15,15,12,0,
miracosta,UCD+UCI+UCLA+UCSC,4,IGETC,success,5,70,True,9,12,14,14,15,15,12,0,
miracosta,UCD+UCI+UCLA+UCM,4,IGETC,success,5,70,True,9,12,14,14,15,15,12,0,
miracosta,UCB+UCI+UCLA+UCSC,4,IGETC,success,5,70,True,9,12,14,14,15,15,12,0,
miracosta,UCB+UCI+UCLA+UCM,4,IGETC,success,5,70,True,9,12,14,14,15,15,12,0,
miracosta,UCI+UCLA+UCM+UCSC,4,IGETC,success,5,70,True,9,12,14,14,15,15,12,0,
miracosta,UCD+UCLA+UCR+UCSB,4,IGETC,success,5,70,True,9,12,14,14,15,15,12,0,
miracosta,UCB+UCLA+UCR+UCSB,4,IGETC,success,5,70,True,9,12,14,14,15,15,12,0,
miracosta,UCLA+UCR+UCSB+UCSC,4,IGETC,success,5,70,True,9,12,14,14,15,15,12,0,
miracosta,UCLA+UCM+UCR+UCSB,4,IGETC,success,5,70,True,9,12,14,14,15,15,12,0,
miracosta,UCB+UCD+UCLA+UCR,4,IGETC,success,5,70,True,9,12,14,14,15,15,12,0,
miracosta,UCD+UCLA+UCR+UCSC,4,IGETC,success,5,70,True,9,12,14,14,15,15,12,0,
miracosta,UCD+UCLA+UCM+UCR,4,IGETC,success,5,70,True,9,12,14,14,15,15,12,0,
miracosta,UCB+UCLA+UCR+UCSC,4,IGETC,success,5,70,True,9,12,14,14,15,15,12,0,
miracosta,UCB+UCLA+UCM+UCR,4,IGETC,success,5,70,True,9,12,14,14,15,15,12,0,
miracosta,UCLA+UCM+UCR+UCSC,4,IGETC,success,5,70,True,9,12,14,14,15,15,12,0,
miracosta,UCB+UCD+UCLA+UCSB,4,IGETC,success,5,70,True,9,12,14,14,15,15,12,0,
miracosta,UCD+UCLA+UCSB+UCSC,4,IGETC,success,5,70,True,9,12,14,14,15,15,12,0,
miracosta,UCD+UCLA+UCM+UCSB,4,IGETC,success,5,70,True,9,12,14,14,15,15,12,0,
miracosta,UCB+UCLA+UCSB+UCSC,4,IGETC,success,5,70,True,9,12,14,14,15,15,12,0,
miracosta,UCB+UCLA+UCM+UCSB,4,IGETC,success,5,70,True,9,12,14,14,15,15,12,0,
miracosta,UCLA+UCM+UCSB+UCSC,4,IGETC,success,5,70,True,9,12,14,14,15,15,12,0,
miracosta,UCB+UCD+UCLA+UCSC,4,IGETC,success,5,70,True,9,12,14,14,15,15,12,0,
miracosta,UCB+UCD+UCLA+UCM,4,IGETC,success,5,70,True,9,12,14,14,15,15,12,0,
miracosta,UCD+UCLA+UCM+UCSC,4,IGETC,success,5,70,True,9,12,14,14,15,15,12,0,
miracosta,UCB+UCLA+UCM+UCSC,4,IGETC,success,5,70,True,9,12,14,14,15,15,12,0,
miracosta,UCD+UCI+UCR+UCSB,4,IGETC,success,5,70,True,9,12,14,14,15,15,12,0,
miracosta,UCB+UCI+UCR+UCSB,4,IGETC,success,5,70,True,9,12,14,14,15,15,12,0,
miracosta,UCI+UCR+UCSB+UCSC,4,IGETC,success,5,70,True,9,12,14,14,15,15,12,0,
miracosta,UCI+UCM+UCR+UCSB,4,IGETC,success,5,70,True,9,12,14,14,15,15,12,0,
miracosta,UCB+UCD+UCI+UCR,4,IGETC,success,5,70,True,9,12,14,14,15,15,12,0,
miracosta,UCD+UCI+UCR+UCSC,4,IGETC,success,5,70,True,9,12,14,14,15,15,12,0,
miracosta,UCD+UCI+UCM+UCR,4,IGETC,success,5,70,True,9,12,14,14,15,15,12,0,
miracosta,UCB+UCI+UCR+UCSC,4,IGETC,success,5,70,True,9,12,14,14,15,15,12,0,
miracosta,UCB+UCI+UCM+UCR,4,IGETC,success,5,70,True,9,12,14,14,15,15,12,0,
miracosta,UCI+UCM+UCR+UCSC,4,IGETC,success,5,70,True,9,12,14,14,15,15,12,0,
miracosta,UCB+UCD+UCI+UCSB,4,IGETC,success,5,70,True,9,12,14,14,15,15,12,0,
miracosta,UCD+UCI+UCSB+UCSC,4,IGETC,success,5,70,True,9,12,14,14,15,15,12,0,
miracosta,UCD+UCI+UCM+UCSB,4,IGETC,success,5,70,True,9,12,14,14,15,15,12,0,
miracosta,UCB+UCI+UCSB+UCSC,4,IGETC,success,5,70,True,9,12,14,14,15,15,12,0,
miracosta,UCB+UCI+UCM+UCSB,4,IGETC,success,5,70,True,9,12,14,14,15,15,12,0,
miracosta,UCI+UCM+UCSB+UCSC,4,IGETC,success,5,70,True,9,12,14,14,15,15,12,0,
miracosta,UCB+UCD+UCI+UCSC,4,IGETC,success,5,70,True,9,12,14,14,15,15,12,0,
miracosta,UCB+UCD+UCI+UCM,4,IGETC,success,5,70,True,9,12,14,14,15,15,12,0,
miracosta,UCD+UCI+UCM+UCSC,4,IGETC,success,5,70,True,9,12,14,14,15,15,12,0,
miracosta,UCB+UCI+UCM+UCSC,4,IGETC,success,5,70,True,9,12,14,14,15,15,12,0,
miracosta,UCB+UCD+UCR+UCSB,4,IGETC,success,5,70,True,9,12,14,14,15,15,12,0,
miracosta,UCD+UCR+UCSB+UCSC,4,IGETC,success,5,70,True,9,12,14,14,15,15,12,0,
miracosta,UCD+UCM+UCR+UCSB,4,IGETC,success,5,70,True,9,12,14,14,15,15,12,0,
miracosta,UCB+UCR+UCSB+UCSC,4,IGETC,success,5,70,True,9,12,14,14,15,15,12,0,
miracosta,UCB+UCM+UCR+UCSB,4,IGETC,success,5,70,True,9,12,14,14,15,15,12,0,
miracosta,UCM+UCR+UCSB+UCSC,4,IGETC,success,5,70,True,9,12,14,14,15,15,12,0,
miracosta,UCB+UCD+UCR+UCSC,4,IGETC,success,5,70,True,9,12,14,14,15,15,12,0,
miracosta,UCB+UCD+UCM+UCR,4,IGETC,success,5,70,True,9,12,14,14,15,15,12,0,
miracosta,UCD+UCM+UCR+UCSC,4,IGETC,success,5,70,True,9,12,14,14,15,15,12,0,
miracosta,UCB+UCM+UCR+UCSC,4,IGETC,success,5,70,True,9,12,14,14,15,15,12,0,
miracosta,UCB+UCD+UCSB+UCSC,4,IGETC,success,5,70,True,9,12,14,14,15,15,12,0,
miracosta,UCB+UCD+UCM+UCSB,4,IGETC,success,5,70,True,9,12,14,14,15,15,12,0,
miracosta,UCD+UCM+UCSB+UCSC,4,IGETC,success,5,70,True,9,12,14,14,15,15,12,0,
miracosta,UCB+UCM+UCSB+UCSC,4,IGETC,success,5,70,True,9,12,14,14,15,15,12,0,
miracosta,UCB+UCD+UCM+UCSC,4,IGETC,success,5,70,True,9,12,14,14,15,15,12,0,
miracosta,UCI+UCLA+UCR+UCSB+UCSD,5,IGETC,success,5,70,True,9,12,14,14,15,15,12,0,
miracosta,UCD+UCI+UCLA+UCR+UCSD,5,IGETC,success,5,70,True,9,12,14,14,15,15,12,0,
miracosta,UCB+UCI+UCLA+UCR+UCSD,5,IGETC,success,5,70,True,9,12,14,14,15,15,12,0,
miracosta,UCI+UCLA+UCR+UCSC+UCSD,5,IGETC,success,5,70,True,9,12,14,14,15,15,12,0,
miracosta,UCI+UCLA+UCM+UCR+UCSD,5,IGETC,success,5,70,True,9,12,14,14,15,15,12,0,
miracosta,UCD+UCI+UCLA+UCSB+UCSD,5,IGETC,success,5,70,True,9,12,14,14,15,15,12,0,
miracosta,UCB+UCI+UCLA+UCSB+UCSD,5,IGETC,success,5,70,True,9,12,14,14,15,15,12,0,
miracosta,UCI+UCLA+UCSB+UCSC+UCSD,5,IGETC,success,5,70,True,9,12,14,14,15,15,12,0,
miracosta,UCI+UCLA+UCM+UCSB+UCSD,5,IGETC,success,5,70,True,9,12,14,14,15,15,12,0,
miracosta,UCB+UCD+UCI+UCLA+UCSD,5,IGETC,success,5,70,True,9,12,14,14,15,15,12,0,
miracosta,UCD+UCI+UCLA+UCSC+UCSD,5,IGETC,success,5,70,True,9,12,14,14,15,15,12,0,
miracosta,UCD+UCI+UCLA+UCM+UCSD,5,IGETC,success,5,70,True,9,12,14,14,15,15,12,0,
miracosta,UCB+UCI+UCLA+UCSC+UCSD,5,IGETC,success,5,70,True,9,12,14,14,15,15,12,0,
miracosta,UCB+UCI+UCLA+UCM+UCSD,5,IGETC,success,5,70,True,9,12,14,14,15,15,12,0,
miracosta,UCI+UCLA+UCM+UCSC+UCSD,5,IGETC,success,5,70,True,9,12,14,14,15,15,12,0,
miracosta,UCD+UCLA+UCR+UCSB+UCSD,5,IGETC,success,5,70,True,9,12,14,14,15,15,12,0,
miracosta,UCB+UCLA+UCR+UCSB+UCSD,5,IGETC,success,5,70,True,9,12,14,14,15,15,12,0,
miracosta,UCLA+UCR+UCSB+UCSC+UCSD,5,IGETC,success,5,70,True,9,12,14,14,15,15,12,0,
miracosta,UCLA+UCM+UCR+UCSB+UCSD,5,IGETC,success,5,70,True,9,12,14,14,15,15,12,0,
miracosta,UCB+UCD+UCLA+UCR+UCSD,5,IGETC,success,5,70,True,9,12,14,14,15,15,12,0,
miracosta,UCD+UCLA+UCR+UCSC+UCSD,5,IGETC,success,5,70,True,9,12,14,14,15,15,12,0,
miracosta,UCD+UCLA+UCM+UCR+UCSD,5,IGETC,success,5,70,True,9,12,14,14,15,15,12,0,
miracosta,UCB+UCLA+UCR+UCSC+UCSD,5,IGETC,success,5,70,True,9,12,14,14,15,15,12,0,
miracosta,UCB+UCLA+UCM+UCR+UCSD,5,IGETC,success,5,70,True,9,12,14,14,15,15,12,0,
miracosta,UCLA+UCM+UCR+UCSC+UCSD,5,IGETC,success,5,70,True,9,12,14,14,15,15,12,0,
miracosta,UCB+UCD+UCLA+UCSB+UCSD,5,IGETC,success,5,70,True,9,12,14,14,15,15,12,0,
miracosta,UCD+UCLA+UCSB+UCSC+UCSD,5,IGETC,success,5,70,True,9,12,14,14,15,15,12,0,
miracosta,UCD+UCLA+UCM+UCSB+UCSD,5,IGETC,success,5,70,True,9,12,14,14,15,15,12,0,
miracosta,UCB+UCLA+UCSB+UCSC+UCSD,5,IGETC,success,5,70,True,9,12,14,14,15,15,12,0,
miracosta,UCB+UCLA+UCM+UCSB+UCSD,5,IGETC,success,5,70,True,9,12,14,14,15,15,12,0,
miracosta,UCLA+UCM+UCSB+UCSC+UCSD,5,IGETC,success,5,70,True,9,12,14,14,15,15,12,0,
miracosta,UCB+UCD+UCLA+UCSC+UCSD,5,IGETC,success,5,70,True,9,12,14,14,15,15,12,0,
miracosta,UCB+UCD+UCLA+UCM+UCSD,5,IGETC,success,5,70,True,9,12,14,14,15,15,12,0,
miracosta,UCD+UCLA+UCM+UCSC+UCSD,5,IGETC,success,5,70,True,9,12,14,14,15,15,12,0,
miracosta,UCB+UCLA+UCM+UCSC+UCSD,5,IGETC,success,5,70,True,9,12,14,14,15,15,12,0,
miracosta,UCD+UCI+UCR+UCSB+UCSD,5,IGETC,success,5,70,True,9,12,14,14,15,15,12,0,
miracosta,UCB+UCI+UCR+UCSB+UCSD,5,IGETC,success,5,70,True,9,12,14,14,15,15,12,0,
miracosta,UCI+UCR+UCSB+UCSC+UCSD,5,IGETC,success,5,70,True,9,12,14,14,15,15,12,0,
miracosta,UCI+UCM+UCR+UCSB+UCSD,5,IGETC,success,5,70,True,9,12,14,14,15,15,12,0,
miracosta,UCB+UCD+UCI+UCR+UCSD,5,IGETC,success,5,70,True,9,12,14,14,15,15,12,0,
miracosta,UCD+UCI+UCR+UCSC+UCSD,5,IGETC,success,5,70,True,9,12,14,14,15,15,12,0,
miracosta,UCD+UCI+UCM+UCR+UCSD,5,IGETC,success,5,70,True,9,12,14,14,15,15,12,0,
miracosta,UCB+UCI+UCR+UCSC+UCSD,5,IGETC,success,5,70,True,9,12,14,14,15,15,12,0,
miracosta,UCB+UCI+UCM+UCR+UCSD,5,IGETC,success,5,70,True,9,12,14,14,15,15,12,0,
miracosta,UCI+UCM+UCR+UCSC+UCSD,5,IGETC,success,5,70,True,9,12,14,14,15,15,12,0,
miracosta,UCB+UCD+UCI+UCSB+UCSD,5,IGETC,success,5,70,True,9,12,14,14,15,15,12,0,
miracosta,UCD+UCI+UCSB+UCSC+UCSD,5,IGETC,success,5,70,True,9,12,14,14,15,15,12,0,
miracosta,UCD+UCI+UCM+UCSB+UCSD,5,IGETC,success,5,70,True,9,12,14,14,15,15,12,0,
miracosta,UCB+UCI+UCSB+UCSC+UCSD,5,IGETC,success,5,70,True,9,12,14,14,15,15,12,0,
miracosta,UCB+UCI+UCM+UCSB+UCSD,5,IGETC,success,5,70,True,9,12,14,14,15,15,12,0,
miracosta,UCI+UCM+UCSB+UCSC+UCSD,5,IGETC,success,5,70,True,9,12,14,14,15,15,12,0,
miracosta,UCB+UCD+UCI+UCSC+UCSD,5,IGETC,success,5,70,True,9,12,14,14,15,15,12,0,
miracosta,UCB+UCD+UCI+UCM+UCSD,5,IGETC,success,5,70,True,9,12,14,14,15,15,12,0,
miracosta,UCD+UCI+UCM+UCSC+UCSD,5,IGETC,success,5,70,True,9,12,14,14,15,15,12,0,
miracosta,UCB+UCI+UCM+UCSC+UCSD,5,IGETC,success,5,70,True,9,12,14,14,15,15,12,0,
miracosta,UCB+UCD+UCR+UCSB+UCSD,5,IGETC,success,5,70,True,9,12,14,14,15,15,12,0,
miracosta,UCD+UCR+UCSB+UCSC+UCSD,5,IGETC,success,5,70,True,9,12,14,14,15,15,12,0,
miracosta,UCD+UCM+UCR+UCSB+UCSD,5,IGETC,success,5,70,True,9,12,14,14,15,15,12,0,
miracosta,UCB+UCR+UCSB+UCSC+UCSD,5,IGETC,success,5,70,True,9,12,14,14,15,15,12,0,
miracosta,UCB+UCM+UCR+UCSB+UCSD,5,IGETC,success,5,70,True,9,12,14,14,15,15,12,0,
miracosta,UCM+UCR+UCSB+UCSC+UCSD,5,IGETC,success,5,70,True,9,12,14,14,15,15,12,0,
miracosta,UCB+UCD+UCR+UCSC+UCSD,5,IGETC,success,5,70,True,9,12,14,14,15,15,12,0,
miracosta,UCB+UCD+UCM+UCR+UCSD,5,IGETC,success,5,70,True,9,12,14,14,15,15,12,0,
miracosta,UCD+UCM+UCR+UCSC+UCSD,5,IGETC,success,5,70,True,9,12,14,14,15,15,12,0,
miracosta,UCB+UCM+UCR+UCSC+UCSD,5,IGETC,success,5,70,True,9,12,14,14,15,15,12,0,
miracosta,UCB+UCD+UCSB+UCSC+UCSD,5,IGETC,success,5,70,True,9,12,14,14,15,15,12,0,
miracosta,UCB+UCD+UCM+UCSB+UCSD,5,IGETC,success,5,70,True,9,12,14,14,15,15,12,0,
miracosta,UCD+UCM+UCSB+UCSC+UCSD,5,IGETC,success,5,70,True,9,12,14,14,15,15,12,0,
miracosta,UCB+UCM+UCSB+UCSC+UCSD,5,IGETC,success,5,70,True,9,12,14,14,15,15,12,0,
miracosta,UCB+UCD+UCM+UCSC+UCSD,5,IGETC,success,5,70,True,9,12,14,14,15,15,12,0,
miracosta,UCD+UCI+UCLA+UCR+UCSB,5,IGETC,success,5,70,True,9,12,14,14,15,15,12,0,
miracosta,UCB+UCI+UCLA+UCR+UCSB,5,IGETC,success,5,70,True,9,12,14,14,15,15,12,0,
miracosta,UCI+UCLA+UCR+UCSB+UCSC,5,IGETC,success,5,70,True,9,12,14,14,15,15,12,0,
miracosta,UCI+UCLA+UCM+UCR+UCSB,5,IGETC,success,5,70,True,9,12,14,14,15,15,12,0,
miracosta,UCB+UCD+UCI+UCLA+UCR,5,IGETC,success,5,70,True,9,12,14,14,15,15,12,0,
miracosta,UCD+UCI+UCLA+UCR+UCSC,5,IGETC,success,5,70,True,9,12,14,14,15,15,12,0,
miracosta,UCD+UCI+UCLA+UCM+UCR,5,IGETC,success,5,70,True,9,12,14,14,15,15,12,0,
miracosta,UCB+UCI+UCLA+UCR+UCSC,5,IGETC,success,5,70,True,9,12,14,14,15,15,12,0,
miracosta,UCB+UCI+UCLA+UCM+UCR,5,IGETC,success,5,70,True,9,12,14,14,15,15,12,0,
miracosta,UCI+UCLA+UCM+UCR+UCSC,5,IGETC,success,5,70,True,9,12,14,14,15,15,12,0,
miracosta,UCB+UCD+UCI+UCLA+UCSB,5,IGETC,success,5,70,True,9,12,14,14,15,15,12,0,
miracosta,UCD+UCI+UCLA+UCSB+UCSC,5,IGETC,success,5,70,True,9,12,14,14,15,15,12,0,
miracosta,UCD+UCI+UCLA+UCM+UCSB,5,IGETC,success,5,70,True,9,12,14,14,15,15,12,0,
miracosta,UCB+UCI+UCLA+UCSB+UCSC,5,IGETC,success,5,70,True,9,12,14,14,15,15,12,0,
miracosta,UCB+UCI+UCLA+UCM+UCSB,5,IGETC,success,5,70,True,9,12,14,14,15,15,12,0,
miracosta,UCI+UCLA+UCM+UCSB+UCSC,5,IGETC,success,5,70,True,9,12,14,14,15,15,12,0,
miracosta,UCB+UCD+UCI+UCLA+UCSC,5,IGETC,success,5,70,True,9,12,14,14,15,15,12,0,
miracosta,UCB+UCD+UCI+UCLA+UCM,5,IGETC,success,5,70,True,9,12,14,14,15,15,12,0,
miracosta,UCD+UCI+UCLA+UCM+UCSC,5,IGETC,success,5,70,True,9,12,14,14,15,15,12,0,
miracosta,UCB+UCI+UCLA+UCM+UCSC,5,IGETC,success,5,70,True,9,12,14,14,15,15,12,0,
miracosta,UCB+UCD+UCLA+UCR+UCSB,5,IGETC,success,5,70,True,9,12,14,14,15,15,12,0,
miracosta,UCD+UCLA+UCR+UCSB+UCSC,5,IGETC,success,5,70,True,9,12,14,14,15,15,12,0,
miracosta,UCD+UCLA+UCM+UCR+UCSB,5,IGETC,success,5,70,True,9,12,14,14,15,15,12,0,
miracosta,UCB+UCLA+UCR+UCSB+UCSC,5,IGETC,success,5,70,True,9,12,14,14,15,15,12,0,
miracosta,UCB+UCLA+UCM+UCR+UCSB,5,IGETC,success,5,70,True,9,12,14,14,15,15,12,0,
miracosta,UCLA+UCM+UCR+UCSB+UCSC,5,IGETC,success,5,70,True,9,12,14,14,15,15,12,0,
miracosta,UCB+UCD+UCLA+UCR+UCSC,5,IGETC,success,5,70,True,9,12,14,14,15,15,12,0,
miracosta,UCB+UCD+UCLA+UCM+UCR,5,IGETC,success,5,70,True,9,12,14,14,15,15,12,0,
miracosta,UCD+UCLA+UCM+UCR+UCSC,5,IGETC,success,5,70,True,9,12,14,14,15,15,12,0,
miracosta,UCB+UCLA+UCM+UCR+UCSC,5,IGETC,success,5,70,True,9,12,14,14,15,15,12,0,
miracosta,UCB+UCD+UCLA+UCSB+UCSC,5,IGETC,success,5,70,True,9,12,14,14,15,15,12,0,
miracosta,UCB+UCD+UCLA+UCM+UCSB,5,IGETC,success,5,70,True,9,12,14,14,15,15,12,0,
miracosta,UCD+UCLA+UCM+UCSB+UCSC,5,IGETC,success,5,70,True,9,12,14,14,15,15,12,0,
miracosta,UCB+UCLA+UCM+UCSB+UCSC,5,IGETC,success,5,70,True,9,12,14,14,15,15,12,0,
miracosta,UCB+UCD+UCLA+UCM+UCSC,5,IGETC,success,5,70,True,9,12,14,14,15,15,12,0,
miracosta,UCB+UCD+UCI+UCR+UCSB,5,IGETC,success,5,70,True,9,12,14,14,15,15,12,0,
miracosta,UCD+UCI+UCR+UCSB+UCSC,5,IGETC,success,5,70,True,9,12,14,14,15,15,12,0,
miracosta,UCD+UCI+UCM+UCR+UCSB,5,IGETC,success,5,70,True,9,12,14,14,15,15,12,0,
miracosta,UCB+UCI+UCR+UCSB+UCSC,5,IGETC,success,5,70,True,9,12,14,14,15,15,12,0,
miracosta,UCB+UCI+UCM+UCR+UCSB,5,IGETC,success,5,70,True,9,12,14,14,15,15,12,0,
miracosta,UCI+UCM+UCR+UCSB+UCSC,5,IGETC,success,5,70,True,9,12,14,14,15,15,12,0,
miracosta,UCB+UCD+UCI+UCR+UCSC,5,IGETC,success,5,70,True,9,12,14,14,15,15,12,0,
miracosta,UCB+UCD+UCI+UCM+UCR,5,IGETC,success,5,70,True,9,12,14,14,15,15,12,0,
miracosta,UCD+UCI+UCM+UCR+UCSC,5,IGETC,success,5,70,True,9,12,14,14,15,15,12,0,
miracosta,UCB+UCI+UCM+UCR+UCSC,5,IGETC,success,5,70,True,9,12,14,14,15,15,12,0,
miracosta,UCB+UCD+UCI+UCSB+UCSC,5,IGETC,success,5,70,True,9,12,14,14,15,15,12,0,
miracosta,UCB+UCD+UCI+UCM+UCSB,5,IGETC,success,5,70,True,9,12,14,14,15,15,12,0,
miracosta,UCD+UCI+UCM+UCSB+UCSC,5,IGETC,success,5,70,True,9,12,14,14,15,15,12,0,
miracosta,UCB+UCI+UCM+UCSB+UCSC,5,IGETC,success,5,70,True,9,12,14,14,15,15,12,0,
miracosta,UCB+UCD+UCI+UCM+UCSC,5,IGETC,success,5,70,True,9,12,14,14,15,15,12,0,
miracosta,UCB+UCD+UCR+UCSB+UCSC,5,IGETC,success,5,70,True,9,12,14,14,15,15,12,0,
miracosta,UCB+UCD+UCM+UCR+UCSB,5,IGETC,success,5,70,True,9,12,14,14,15,15,12,0,
miracosta,UCD+UCM+UCR+UCSB+UCSC,5,IGETC,success,5,70,True,9,12,14,14,15,15,12,0,
miracosta,UCB+UCM+UCR+UCSB+UCSC,5,IGETC,success,5,70,True,9,12,14,14,15,15,12,0,
miracosta,UCB+UCD+UCM+UCR+UCSC,5,IGETC,success,5,70,True,9,12,14,14,15,15,12,0,
miracosta,UCB+UCD+UCM+UCSB+UCSC,5,IGETC,success,5,70,True,9,12,14,14,15,15,12,0,
miracosta,UCD+UCI+UCLA+UCR+UCSB+UCSD,6,IGETC,success,5,70,True,9,12,14,14,15,15,12,0,
miracosta,UCB+UCI+UCLA+UCR+UCSB+UCSD,6,IGETC,success,5,70,True,9,12,14,14,15,15,12,0,
miracosta,UCI+UCLA+UCR+UCSB+UCSC+UCSD,6,IGETC,success,5,70,True,9,12,14,14,15,15,12,0,
miracosta,UCI+UCLA+UCM+UCR+UCSB+UCSD,6,IGETC,success,5,70,True,9,12,14,14,15,15,12,0,
miracosta,UCB+UCD+UCI+UCLA+UCR+UCSD,6,IGETC,success,5,70,True,9,12,14,14,15,15,12,0,
miracosta,UCD+UCI+UCLA+UCR+UCSC+UCSD,6,IGETC,success,5,70,True,9,12,14,14,15,15,12,0,
miracosta,UCD+UCI+UCLA+UCM+UCR+UCSD,6,IGETC,success,5,70,True,9,12,14,14,15,15,12,0,
miracosta,UCB+UCI+UCLA+UCR+UCSC+UCSD,6,IGETC,success,5,70,True,9,12,14,14,15,15,12,0,
miracosta,UCB+UCI+UCLA+UCM+UCR+UCSD,6,IGETC,success,5,70,True,9,12,14,14,15,15,12,0,
miracosta,UCI+UCLA+UCM+UCR+UCSC+UCSD,6,IGETC,success,5,70,True,9,12,14,14,15,15,12,0,
miracosta,UCB+UCD+UCI+UCLA+UCSB+UCSD,6,IGETC,success,5,70,True,9,12,14,14,15,15,12,0,
miracosta,UCD+UCI+UCLA+UCSB+UCSC+UCSD,6,IGETC,success,5,70,True,9,12,14,14,15,15,12,0,
miracosta,UCD+UCI+UCLA+UCM+UCSB+UCSD,6,IGETC,success,5,70,True,9,12,14,14,15,15,12,0,
miracosta,UCB+UCI+UCLA+UCSB+UCSC+UCSD,6,IGETC,success,5,70,True,9,12,14,14,15,15,12,0,
miracosta,UCB+UCI+UCLA+UCM+UCSB+UCSD,6,IGETC,success,5,70,True,9,12,14,14,15,15,12,0,
miracosta,UCI+UCLA+UCM+UCSB+UCSC+UCSD,6,IGETC,success,5,70,True,9,12,14,14,15,15,12,0,
miracosta,UCB+UCD+UCI+UCLA+UCSC+UCSD,6,IGETC,success,5,70,True,9,12,14,14,15,15,12,0,
miracosta,UCB+UCD+UCI+UCLA+UCM+UCSD,6,IGETC,success,5,70,True,9,12,14,14,15,15,12,0,
miracosta,UCD+UCI+UCLA+UCM+UCSC+UCSD,6,IGETC,success,5,70,True,9,12,14,14,15,15,12,0,
miracosta,UCB+UCI+UCLA+UCM+UCSC+UCSD,6,IGETC,success,5,70,True,9,12,14,14,15,15,12,0,
miracosta,UCB+UCD+UCLA+UCR+UCSB+UCSD,6,IGETC,success,5,70,True,9,12,14,14,15,15,12,0,
miracosta,UCD+UCLA+UCR+UCSB+UCSC+UCSD,6,IGETC,success,5,70,True,9,12,14,14,15,15,12,0,
miracosta,UCD+UCLA+UCM+UCR+UCSB+UCSD,6,IGETC,success,5,70,True,9,12,14,14,15,15,12,0,
miracosta,UCB+UCLA+UCR+UCSB+UCSC+UCSD,6,IGETC,success,5,70,True,9,12,14,14,15,15,12,0,
miracosta,UCB+UCLA+UCM+UCR+UCSB+UCSD,6,IGETC,success,5,70,True,9,12,14,14,15,15,12,0,
miracosta,UCLA+UCM+UCR+UCSB+UCSC+UCSD,6,IGETC,success,5,70,True,9,12,14,14,15,15,12,0,
miracosta,UCB+UCD+UCLA+UCR+UCSC+UCSD,6,IGETC,success,5,70,True,9,12,14,14,15,15,12,0,
miracosta,UCB+UCD+UCLA+UCM+UCR+UCSD,6,IGETC,success,5,70,True,9,12,14,14,15,15,12,0,
miracosta,UCD+UCLA+UCM+UCR+UCSC+UCSD,6,IGETC,success,5,70,True,9,12,14,14,15,15,12,0,
miracosta,UCB+UCLA+UCM+UCR+UCSC+UCSD,6,IGETC,success,5,70,True,9,12,14,14,15,15,12,0,
miracosta,UCB+UCD+UCLA+UCSB+UCSC+UCSD,6,IGETC,success,5,70,True,9,12,14,14,15,15,12,0,
miracosta,UCB+UCD+UCLA+UCM+UCSB+UCSD,6,IGETC,success,5,70,True,9,12,14,14,15,15,12,0,
miracosta,UCD+UCLA+UCM+UCSB+UCSC+UCSD,6,IGETC,success,5,70,True,9,12,14,14,15,15,12,0,
miracosta,UCB+UCLA+UCM+UCSB+UCSC+UCSD,6,IGETC,success,5,70,True,9,12,14,14,15,15,12,0,
miracosta,UCB+UCD+UCLA+UCM+UCSC+UCSD,6,IGETC,success,5,70,True,9,12,14,14,15,15,12,0,
miracosta,UCB+UCD+UCI+UCR+UCSB+UCSD,6,IGETC,success,5,70,True,9,12,14,14,15,15,12,0,
miracosta,UCD+UCI+UCR+UCSB+UCSC+UCSD,6,IGETC,success,5,70,True,9,12,14,14,15,15,12,0,
miracosta,UCD+UCI+UCM+UCR+UCSB+UCSD,6,IGETC,success,5,70,True,9,12,14,14,15,15,12,0,
miracosta,UCB+UCI+UCR+UCSB+UCSC+UCSD,6,IGETC,success,5,70,True,9,12,14,14,15,15,12,0,
miracosta,UCB+UCI+UCM+UCR+UCSB+UCSD,6,IGETC,success,5,70,True,9,12,14,14,15,15,12,0,
miracosta,UCI+UCM+UCR+UCSB+UCSC+UCSD,6,IGETC,success,5,70,True,9,12,14,14,15,15,12,0,
miracosta,UCB+UCD+UCI+UCR+UCSC+UCSD,6,IGETC,success,5,70,True,9,12,14,14,15,15,12,0,
miracosta,UCB+UCD+UCI+UCM+UCR+UCSD,6,IGETC,success,5,70,True,9,12,14,14,15,15,12,0,
miracosta,UCD+UCI+UCM+UCR+UCSC+UCSD,6,IGETC,success,5,70,True,9,12,14,14,15,15,12,0,
miracosta,UCB+UCI+UCM+UCR+UCSC+UCSD,6,IGETC,success,5,70,True,9,12,14,14,15,15,12,0,
miracosta,UCB+UCD+UCI+UCSB+UCSC+UCSD,6,IGETC,success,5,70,True,9,12,14,14,15,15,12,0,
miracosta,UCB+UCD+UCI+UCM+UCSB+UCSD,6,IGETC,success,5,70,True,9,12,14,14,15,15,12,0,
miracosta,UCD+UCI+UCM+UCSB+UCSC+UCSD,6,IGETC,success,5,70,True,9,12,14,14,15,15,12,0,
miracosta,UCB+UCI+UCM+UCSB+UCSC+UCSD,6,IGETC,success,5,70,True,9,12,14,14,15,15,12,0,
miracosta,UCB+UCD+UCI+UCM+UCSC+UCSD,6,IGETC,success,5,70,True,9,12,14,14,15,15,12,0,
miracosta,UCB+UCD+UCR+UCSB+UCSC+UCSD,6,IGETC,success,5,70,True,9,12,14,14,15,15,12,0,
miracosta,UCB+UCD+UCM+UCR+UCSB+UCSD,6,IGETC,success,5,70,True,9,12,14,14,15,15,12,0,
miracosta,UCD+UCM+UCR+UCSB+UCSC+UCSD,6,IGETC,success,5,70,True,9,12,14,14,15,15,12,0,
miracosta,UCB+UCM+UCR+UCSB+UCSC+UCSD,6,IGETC,success,5,70,True,9,12,14,14,15,15,12,0,
miracosta,UCB+UCD+UCM+UCR+UCSC+UCSD,6,IGETC,success,5,70,True,9,12,14,14,15,15,12,0,
miracosta,UCB+UCD+UCM+UCSB+UCSC+UCSD,6,IGETC,success,5,70,True,9,12,14,14,15,15,12,0,
miracosta,UCB+UCD+UCI+UCLA+UCR+UCSB,6,IGETC,success,5,70,True,9,12,14,14,15,15,12,0,
miracosta,UCD+UCI+UCLA+UCR+UCSB+UCSC,6,IGETC,success,5,70,True,9,12,14,14,15,15,12,0,
miracosta,UCD+UCI+UCLA+UCM+UCR+UCSB,6,IGETC,success,5,70,True,9,12,14,14,15,15,12,0,
miracosta,UCB+UCI+UCLA+UCR+UCSB+UCSC,6,IGETC,success,5,70,True,9,12,14,14,15,15,12,0,
miracosta,UCB+UCI+UCLA+UCM+UCR+UCSB,6,IGETC,success,5,70,True,9,12,14,14,15,15,12,0,
miracosta,UCI+UCLA+UCM+UCR+UCSB+UCSC,6,IGETC,success,5,70,True,9,12,14,14,15,15,12,0,
miracosta,UCB+UCD+UCI+UCLA+UCR+UCSC,6,IGETC,success,5,70,True,9,12,14,14,15,15,12,0,
miracosta,UCB+UCD+UCI+UCLA+UCM+UCR,6,IGETC,success,5,70,True,9,12,14,14,15,15,12,0,
miracosta,UCD+UCI+UCLA+UCM+UCR+UCSC,6,IGETC,success,5,70,True,9,12,14,14,15,15,12,0,
miracosta,UCB+UCI+UCLA+UCM+UCR+UCSC,6,IGETC,success,5,70,True,9,12,14,14,15,15,12,0,
miracosta,UCB+UCD+UCI+UCLA+UCSB+UCSC,6,IGETC,success,5,70,True,9,12,14,14,15,15,12,0,
miracosta,UCB+UCD+UCI+UCLA+UCM+UCSB,6,IGETC,success,5,70,True,9,12,14,14,15,15,12,0,
miracosta,UCD+UCI+UCLA+UCM+UCSB+UCSC,6,IGETC,success,5,70,True,9,12,14,14,15,15,12,0,
miracosta,UCB+UCI+UCLA+UCM+UCSB+UCSC,6,IGETC,success,5,70,True,9,12,14,14,15,15,12,0,
miracosta,UCB+UCD+UCI+UCLA+UCM+UCSC,6,IGETC,success,5,70,True,9,12,14,14,15,15,12,0,
miracosta,UCB+UCD+UCLA+UCR+UCSB+UCSC,6,IGETC,success,5,70,True,9,12,14,14,15,15,12,0,
miracosta,UCB+UCD+UCLA+UCM+UCR+UCSB,6,IGETC,success,5,70,True,9,12,14,14,15,15,12,0,
miracosta,UCD+UCLA+UCM+UCR+UCSB+UCSC,6,IGETC,success,5,70,True,9,12,14,14,15,15,12,0,
miracosta,UCB+UCLA+UCM+UCR+UCSB+UCSC,6,IGETC,success,5,70,True,9,12,14,14,15,15,12,0,
miracosta,UCB+UCD+UCLA+UCM+UCR+UCSC,6,IGETC,success,5,70,True,9,12,14,14,15,15,12,0,
miracosta,UCB+UCD+UCLA+UCM+UCSB+UCSC,6,IGETC,success,5,70,True,9,12,14,14,15,15,12,0,
miracosta,UCB+UCD+UCI+UCR+UCSB+UCSC,6,IGETC,success,5,70,True,9,12,14,14,15,15,12,0,
miracosta,UCB+UCD+UCI+UCM+UCR+UCSB,6,IGETC,success,5,70,True,9,12,14,14,15,15,12,0,
miracosta,UCD+UCI+UCM+UCR+UCSB+UCSC,6,IGETC,success,5,70,True,9,12,14,14,15,15,12,0,
miracosta,UCB+UCI+UCM+UCR+UCSB+UCSC,6,IGETC,success,5,70,True,9,12,14,14,15,15,12,0,
miracosta,UCB+UCD+UCI+UCM+UCR+UCSC,6,IGETC,success,5,70,True,9,12,14,14,15,15,12,0,
miracosta,UCB+UCD+UCI+UCM+UCSB+UCSC,6,IGETC,success,5,70,True,9,12,14,14,15,15,12,0,
miracosta,UCB+UCD+UCM+UCR+UCSB+UCSC,6,IGETC,success,5,70,True,9,12,14,14,15,15,12,0,
miracosta,UCB+UCD+UCI+UCLA+UCR+UCSB+UCSD,7,IGETC,success,5,70,True,9,12,14,14,15,15,12,0,
miracosta,UCD+UCI+UCLA+UCR+UCSB+UCSC+UCSD,7,IGETC,success,5,70,True,9,12,14,14,15,15,12,0,
miracosta,UCD+UCI+UCLA+UCM+UCR+UCSB+UCSD,7,IGETC,success,5,70,True,9,12,14,14,15,15,12,0,
miracosta,UCB+UCI+UCLA+UCR+UCSB+UCSC+UCSD,7,IGETC,success,5,70,True,9,12,14,14,15,15,12,0,
miracosta,UCB+UCI+UCLA+UCM+UCR+UCSB+UCSD,7,IGETC,success,5,70,True,9,12,14,14,15,15,12,0,
miracosta,UCI+UCLA+UCM+UCR+UCSB+UCSC+UCSD,7,IGETC,success,5,70,True,9,12,14,14,15,15,12,0,
miracosta,UCB+UCD+UCI+UCLA+UCR+UCSC+UCSD,7,IGETC,success,5,70,True,9,12,14,14,15,15,12,0,
miracosta,UCB+UCD+UCI+UCLA+UCM+UCR+UCSD,7,IGETC,success,5,70,True,9,12,14,14,15,15,12,0,
miracosta,UCD+UCI+UCLA+UCM+UCR+UCSC+UCSD,7,IGETC,success,5,70,True,9,12,14,14,15,15,12,0,
miracosta,UCB+UCI+UCLA+UCM+UCR+UCSC+UCSD,7,IGETC,success,5,70,True,9,12,14,14,15,15,12,0,
miracosta,UCB+UCD+UCI+UCLA+UCSB+UCSC+UCSD,7,IGETC,success,5,70,True,9,12,14,14,15,15,12,0,
miracosta,UCB+UCD+UCI+UCLA+UCM+UCSB+UCSD,7,IGETC,success,5,70,True,9,12,14,14,15,15,12,0,
miracosta,UCD+UCI+UCLA+UCM+UCSB+UCSC+UCSD,7,IGETC,success,5,70,True,9,12,14,14,15,15,12,0,
miracosta,UCB+UCI+UCLA+UCM+UCSB+UCSC+UCSD,7,IGETC,success,5,70,True,9,12,14,14,15,15,12,0,
miracosta,UCB+UCD+UCI+UCLA+UCM+UCSC+UCSD,7,IGETC,success,5,70,True,9,12,14,14,15,15,12,0,
miracosta,UCB+UCD+UCLA+UCR+UCSB+UCSC+UCSD,7,IGETC,success,5,70,True,9,12,14,14,15,15,12,0,
miracosta,UCB+UCD+UCLA+UCM+UCR+UCSB+UCSD,7,IGETC,success,5,70,True,9,12,14,14,15,15,12,0,
miracosta,UCD+UCLA+UCM+UCR+UCSB+UCSC+UCSD,7,IGETC,success,5,70,True,9,12,14,14,15,15,12,0,
miracosta,UCB+UCLA+UCM+UCR+UCSB+UCSC+UCSD,7,IGETC,success,5,70,True,9,12,14,14,15,15,12,0,
miracosta,UCB+UCD+UCLA+UCM+UCR+UCSC+UCSD,7,IGETC,success,5,70,True,9,12,14,14,15,15,12,0,
miracosta,UCB+UCD+UCLA+UCM+UCSB+UCSC+UCSD,7,IGETC,success,5,70,True,9,12,14,14,15,15,12,0,
miracosta,UCB+UCD+UCI+UCR+UCSB+UCSC+UCSD,7,IGETC,success,5,70,True,9,12,14,14,15,15,12,0,
miracosta,UCB+UCD+UCI+UCM+UCR+UCSB+UCSD,7,IGETC,success,5,70,True,9,12,14,14,15,15,12,0,
miracosta,UCD+UCI+UCM+UCR+UCSB+UCSC+UCSD,7,IGETC,success,5,70,True,9,12,14,14,15,15,12,0,
miracosta,UCB+UCI+UCM+UCR+UCSB+UCSC+UCSD,7,IGETC,success,5,70,True,9,12,14,14,15,15,12,0,
miracosta,UCB+UCD+UCI+UCM+UCR+UCSC+UCSD,7,IGETC,success,5,70,True,9,12,14,14,15,15,12,0,
miracosta,UCB+UCD+UCI+UCM+UCSB+UCSC+UCSD,7,IGETC,success,5,70,True,9,12,14,14,15,15,12,0,
miracosta,UCB+UCD+UCM+UCR+UCSB+UCSC+UCSD,7,IGETC,success,5,70,True,9,12,14,14,15,15,12,0,
miracosta,UCB+UCD+UCI+UCLA+UCR+UCSB+UCSC,7,IGETC,success,5,70,True,9,12,14,14,15,15,12,0,
miracosta,UCB+UCD+UCI+UCLA+UCM+UCR+UCSB,7,IGETC,success,5,70,True,9,12,14,14,15,15,12,0,
miracosta,UCD+UCI+UCLA+UCM+UCR+UCSB+UCSC,7,IGETC,success,5,70,True,9,12,14,14,15,15,12,0,
miracosta,UCB+UCI+UCLA+UCM+UCR+UCSB+UCSC,7,IGETC,success,5,70,True,9,12,14,14,15,15,12,0,
miracosta,UCB+UCD+UCI+UCLA+UCM+UCR+UCSC,7,IGETC,success,5,70,True,9,12,14,14,15,15,12,0,
miracosta,UCB+UCD+UCI+UCLA+UCM+UCSB+UCSC,7,IGETC,success,5,70,True,9,12,14,14,15,15,12,0,
miracosta,UCB+UCD+UCLA+UCM+UCR+UCSB+UCSC,7,IGETC,success,5,70,True,9,12,14,14,15,15,12,0,
miracosta,UCB+UCD+UCI+UCM+UCR+UCSB+UCSC,7,IGETC,success,5,70,True,9,12,14,14,15,15,12,0,
miracosta,UCB+UCD+UCI+UCLA+UCR+UCSB+UCSC+UCSD,8,IGETC,success,5,70,True,9,12,14,14,15,15,12,0,
miracosta,UCB+UCD+UCI+UCLA+UCM+UCR+UCSB+UCSD,8,IGETC,success,5,70,True,9,12,14,14,15,15,12,0,
miracosta,UCD+UCI+UCLA+UCM+UCR+UCSB+UCSC+UCSD,8,IGETC,success,5,70,True,9,12,14,14,15,15,12,0,
miracosta,UCB+UCI+UCLA+UCM+UCR+UCSB+UCSC+UCSD,8,IGETC,success,5,70,True,9,12,14,14,15,15,12,0,
miracosta,UCB+UCD+UCI+UCLA+UCM+UCR+UCSC+UCSD,8,IGETC,success,5,70,True,9,12,14,14,15,15,12,0,
miracosta,UCB+UCD+UCI+UCLA+UCM+UCSB+UCSC+UCSD,8,IGETC,success,5,70,True,9,12,14,14,15,15,12,0,
miracosta,UCB+UCD+UCLA+UCM+UCR+UCSB+UCSC+UCSD,8,IGETC,success,5,70,True,9,12,14,14,15,15,12,0,
miracosta,UCB+UCD+UCI+UCM+UCR+UCSB+UCSC+UCSD,8,IGETC,success,5,70,True,9,12,14,14,15,15,12,0,
miracosta,UCB+UCD+UCI+UCLA+UCM+UCR+UCSB+UCSC,8,IGETC,success,5,70,True,9,12,14,14,15,15,12,0,
miracosta,UCB+UCD+UCI+UCLA+UCM+UCR+UCSB+UCSC+UCSD,9,IGETC,success,5,70,True,9,12,14,14,15,15,12,0,
